-- phpMyAdmin SQL Dump
-- version 5.2.1
-- https://www.phpmyadmin.net/
--
-- Host: localhost:3306
-- Generation Time: Jan 07, 2025 at 04:00 PM
-- Server version: 8.0.30
-- PHP Version: 8.1.10

SET SQL_MODE = "NO_AUTO_VALUE_ON_ZERO";
START TRANSACTION;
SET time_zone = "+00:00";


/*!40101 SET @OLD_CHARACTER_SET_CLIENT=@@CHARACTER_SET_CLIENT */;
/*!40101 SET @OLD_CHARACTER_SET_RESULTS=@@CHARACTER_SET_RESULTS */;
/*!40101 SET @OLD_COLLATION_CONNECTION=@@COLLATION_CONNECTION */;
/*!40101 SET NAMES utf8mb4 */;

--
-- Database: `db_klasifikasi`
--

-- --------------------------------------------------------

--
-- Table structure for table `administrator_datananas`
--

CREATE TABLE `administrator_datananas` (
  `id` bigint NOT NULL,
  `sample` int NOT NULL,
  `red` int NOT NULL,
  `green` int NOT NULL,
  `blue` int NOT NULL,
  `brix` double NOT NULL,
  `label` varchar(20) CHARACTER SET utf8mb4 COLLATE utf8mb4_0900_ai_ci NOT NULL
) ENGINE=InnoDB DEFAULT CHARSET=utf8mb4 COLLATE=utf8mb4_0900_ai_ci;

--
-- Dumping data for table `administrator_datananas`
--

INSERT INTO `administrator_datananas` (`id`, `sample`, `red`, `green`, `blue`, `brix`, `label`) VALUES
(1, 1, 136, 126, 129, 15.3, 'Rendah'),
(2, 2, 120, 150, 154, 13.2, 'Sedang'),
(3, 3, 102, 118, 125, 14.7, 'Tinggi');

-- --------------------------------------------------------

--
-- Table structure for table `administrator_user`
--

CREATE TABLE `administrator_user` (
  `id` bigint NOT NULL,
  `username` varchar(150) NOT NULL,
  `password` varchar(128) NOT NULL
) ENGINE=InnoDB DEFAULT CHARSET=utf8mb4 COLLATE=utf8mb4_0900_ai_ci;

-- --------------------------------------------------------

--
-- Table structure for table `auth_group`
--

CREATE TABLE `auth_group` (
  `id` int NOT NULL,
  `name` varchar(150) NOT NULL
) ENGINE=InnoDB DEFAULT CHARSET=utf8mb4 COLLATE=utf8mb4_0900_ai_ci;

-- --------------------------------------------------------

--
-- Table structure for table `auth_group_permissions`
--

CREATE TABLE `auth_group_permissions` (
  `id` bigint NOT NULL,
  `group_id` int NOT NULL,
  `permission_id` int NOT NULL
) ENGINE=InnoDB DEFAULT CHARSET=utf8mb4 COLLATE=utf8mb4_0900_ai_ci;

-- --------------------------------------------------------

--
-- Table structure for table `auth_permission`
--

CREATE TABLE `auth_permission` (
  `id` int NOT NULL,
  `name` varchar(255) NOT NULL,
  `content_type_id` int NOT NULL,
  `codename` varchar(100) NOT NULL
) ENGINE=InnoDB DEFAULT CHARSET=utf8mb4 COLLATE=utf8mb4_0900_ai_ci;

--
-- Dumping data for table `auth_permission`
--

INSERT INTO `auth_permission` (`id`, `name`, `content_type_id`, `codename`) VALUES
(1, 'Can add log entry', 1, 'add_logentry'),
(2, 'Can change log entry', 1, 'change_logentry'),
(3, 'Can delete log entry', 1, 'delete_logentry'),
(4, 'Can view log entry', 1, 'view_logentry'),
(5, 'Can add user', 2, 'add_user'),
(6, 'Can change user', 2, 'change_user'),
(7, 'Can delete user', 2, 'delete_user'),
(8, 'Can view user', 2, 'view_user'),
(9, 'Can add permission', 3, 'add_permission'),
(10, 'Can change permission', 3, 'change_permission'),
(11, 'Can delete permission', 3, 'delete_permission'),
(12, 'Can view permission', 3, 'view_permission'),
(13, 'Can add group', 4, 'add_group'),
(14, 'Can change group', 4, 'change_group'),
(15, 'Can delete group', 4, 'delete_group'),
(16, 'Can view group', 4, 'view_group'),
(17, 'Can add user', 5, 'add_user'),
(18, 'Can change user', 5, 'change_user'),
(19, 'Can delete user', 5, 'delete_user'),
(20, 'Can view user', 5, 'view_user'),
(21, 'Can add content type', 6, 'add_contenttype'),
(22, 'Can change content type', 6, 'change_contenttype'),
(23, 'Can delete content type', 6, 'delete_contenttype'),
(24, 'Can view content type', 6, 'view_contenttype'),
(25, 'Can add session', 7, 'add_session'),
(26, 'Can change session', 7, 'change_session'),
(27, 'Can delete session', 7, 'delete_session'),
(28, 'Can view session', 7, 'view_session'),
(29, 'Can add data nanas', 8, 'add_datananas'),
(30, 'Can change data nanas', 8, 'change_datananas'),
(31, 'Can delete data nanas', 8, 'delete_datananas'),
(32, 'Can view data nanas', 8, 'view_datananas');

-- --------------------------------------------------------

--
-- Table structure for table `auth_user`
--

CREATE TABLE `auth_user` (
  `id` int NOT NULL,
  `password` varchar(128) NOT NULL,
  `last_login` datetime(6) DEFAULT NULL,
  `is_superuser` tinyint(1) NOT NULL,
  `username` varchar(150) NOT NULL,
  `first_name` varchar(150) NOT NULL,
  `last_name` varchar(150) NOT NULL,
  `email` varchar(254) NOT NULL,
  `is_staff` tinyint(1) NOT NULL,
  `is_active` tinyint(1) NOT NULL,
  `date_joined` datetime(6) NOT NULL
) ENGINE=InnoDB DEFAULT CHARSET=utf8mb4 COLLATE=utf8mb4_0900_ai_ci;

--
-- Dumping data for table `auth_user`
--

INSERT INTO `auth_user` (`id`, `password`, `last_login`, `is_superuser`, `username`, `first_name`, `last_name`, `email`, `is_staff`, `is_active`, `date_joined`) VALUES
(1, 'pbkdf2_sha256$870000$U4OotjKX2tdkDIbY6AZdi5$8Bj9r+qaKCJcwFNKHQtVC17544NiWNbdepZnPTfSlQ4=', '2025-01-06 15:20:34.398956', 0, 'admin', '', '', '', 0, 1, '2024-12-04 14:21:49.574421');

-- --------------------------------------------------------

--
-- Table structure for table `auth_user_groups`
--

CREATE TABLE `auth_user_groups` (
  `id` bigint NOT NULL,
  `user_id` int NOT NULL,
  `group_id` int NOT NULL
) ENGINE=InnoDB DEFAULT CHARSET=utf8mb4 COLLATE=utf8mb4_0900_ai_ci;

-- --------------------------------------------------------

--
-- Table structure for table `auth_user_user_permissions`
--

CREATE TABLE `auth_user_user_permissions` (
  `id` bigint NOT NULL,
  `user_id` int NOT NULL,
  `permission_id` int NOT NULL
) ENGINE=InnoDB DEFAULT CHARSET=utf8mb4 COLLATE=utf8mb4_0900_ai_ci;

-- --------------------------------------------------------

--
-- Table structure for table `django_admin_log`
--

CREATE TABLE `django_admin_log` (
  `id` int NOT NULL,
  `action_time` datetime(6) NOT NULL,
  `object_id` longtext,
  `object_repr` varchar(200) NOT NULL,
  `action_flag` smallint UNSIGNED NOT NULL,
  `change_message` longtext NOT NULL,
  `content_type_id` int DEFAULT NULL,
  `user_id` int NOT NULL
) ;

-- --------------------------------------------------------

--
-- Table structure for table `django_content_type`
--

CREATE TABLE `django_content_type` (
  `id` int NOT NULL,
  `app_label` varchar(100) NOT NULL,
  `model` varchar(100) NOT NULL
) ENGINE=InnoDB DEFAULT CHARSET=utf8mb4 COLLATE=utf8mb4_0900_ai_ci;

--
-- Dumping data for table `django_content_type`
--

INSERT INTO `django_content_type` (`id`, `app_label`, `model`) VALUES
(1, 'admin', 'logentry'),
(8, 'administrator', 'datananas'),
(2, 'administrator', 'user'),
(4, 'auth', 'group'),
(3, 'auth', 'permission'),
(5, 'auth', 'user'),
(6, 'contenttypes', 'contenttype'),
(7, 'sessions', 'session');

-- --------------------------------------------------------

--
-- Table structure for table `django_migrations`
--

CREATE TABLE `django_migrations` (
  `id` bigint NOT NULL,
  `app` varchar(255) NOT NULL,
  `name` varchar(255) NOT NULL,
  `applied` datetime(6) NOT NULL
) ENGINE=InnoDB DEFAULT CHARSET=utf8mb4 COLLATE=utf8mb4_0900_ai_ci;

--
-- Dumping data for table `django_migrations`
--

INSERT INTO `django_migrations` (`id`, `app`, `name`, `applied`) VALUES
(1, 'contenttypes', '0001_initial', '2024-12-04 14:18:42.945559'),
(2, 'auth', '0001_initial', '2024-12-04 14:18:43.996489'),
(3, 'admin', '0001_initial', '2024-12-04 14:18:44.183100'),
(4, 'admin', '0002_logentry_remove_auto_add', '2024-12-04 14:18:44.198719'),
(5, 'admin', '0003_logentry_add_action_flag_choices', '2024-12-04 14:18:44.237509'),
(6, 'administrator', '0001_initial', '2024-12-04 14:18:44.270705'),
(7, 'contenttypes', '0002_remove_content_type_name', '2024-12-04 14:18:44.425349'),
(8, 'auth', '0002_alter_permission_name_max_length', '2024-12-04 14:18:44.526484'),
(9, 'auth', '0003_alter_user_email_max_length', '2024-12-04 14:18:44.636926'),
(10, 'auth', '0004_alter_user_username_opts', '2024-12-04 14:18:44.655236'),
(11, 'auth', '0005_alter_user_last_login_null', '2024-12-04 14:18:44.769687'),
(12, 'auth', '0006_require_contenttypes_0002', '2024-12-04 14:18:44.769687'),
(13, 'auth', '0007_alter_validators_add_error_messages', '2024-12-04 14:18:44.821542'),
(14, 'auth', '0008_alter_user_username_max_length', '2024-12-04 14:18:44.960974'),
(15, 'auth', '0009_alter_user_last_name_max_length', '2024-12-04 14:18:45.061449'),
(16, 'auth', '0010_alter_group_name_max_length', '2024-12-04 14:18:45.105462'),
(17, 'auth', '0011_update_proxy_permissions', '2024-12-04 14:18:45.128464'),
(18, 'auth', '0012_alter_user_first_name_max_length', '2024-12-04 14:18:45.211514'),
(19, 'sessions', '0001_initial', '2024-12-04 14:18:45.269949'),
(20, 'administrator', '0002_datananas', '2024-12-06 01:00:36.923747');

-- --------------------------------------------------------

--
-- Table structure for table `django_session`
--

CREATE TABLE `django_session` (
  `session_key` varchar(40) NOT NULL,
  `session_data` longtext NOT NULL,
  `expire_date` datetime(6) NOT NULL
) ENGINE=InnoDB DEFAULT CHARSET=utf8mb4 COLLATE=utf8mb4_0900_ai_ci;

--
-- Dumping data for table `django_session`
--

INSERT INTO `django_session` (`session_key`, `session_data`, `expire_date`) VALUES
('ehbf5vx7kppjpycixufkm5bybarkz63s', '.eJxVjMEOwiAQRP-FsyFQsHQ9evcbyLK7laqhSWlPxn-3JD3oaZKZN--tIm5rjluVJU6sLsqq02-XkJ5S2sAPLPdZ01zWZUq6IfpYq77NLK_rwf4JMtbctA5CnyxYM3hg9oAg1oZAe5I49ETQuW44jyk0pA8GJLCMzvH-MerzBcYHNyo:1tIqHg:8JpPNka8A6B9BTfv1tLi2J4527-K3raJ0WVxif_YgiM', '2024-12-18 14:23:20.425627');

--
-- Indexes for dumped tables
--

--
-- Indexes for table `administrator_datananas`
--
ALTER TABLE `administrator_datananas`
  ADD PRIMARY KEY (`id`);

--
-- Indexes for table `administrator_user`
--
ALTER TABLE `administrator_user`
  ADD PRIMARY KEY (`id`),
  ADD UNIQUE KEY `username` (`username`);

--
-- Indexes for table `auth_group`
--
ALTER TABLE `auth_group`
  ADD PRIMARY KEY (`id`),
  ADD UNIQUE KEY `name` (`name`);

--
-- Indexes for table `auth_group_permissions`
--
ALTER TABLE `auth_group_permissions`
  ADD PRIMARY KEY (`id`),
  ADD UNIQUE KEY `auth_group_permissions_group_id_permission_id_0cd325b0_uniq` (`group_id`,`permission_id`),
  ADD KEY `auth_group_permissio_permission_id_84c5c92e_fk_auth_perm` (`permission_id`);

--
-- Indexes for table `auth_permission`
--
ALTER TABLE `auth_permission`
  ADD PRIMARY KEY (`id`),
  ADD UNIQUE KEY `auth_permission_content_type_id_codename_01ab375a_uniq` (`content_type_id`,`codename`);

--
-- Indexes for table `auth_user`
--
ALTER TABLE `auth_user`
  ADD PRIMARY KEY (`id`),
  ADD UNIQUE KEY `username` (`username`);

--
-- Indexes for table `auth_user_groups`
--
ALTER TABLE `auth_user_groups`
  ADD PRIMARY KEY (`id`),
  ADD UNIQUE KEY `auth_user_groups_user_id_group_id_94350c0c_uniq` (`user_id`,`group_id`),
  ADD KEY `auth_user_groups_group_id_97559544_fk_auth_group_id` (`group_id`);

--
-- Indexes for table `auth_user_user_permissions`
--
ALTER TABLE `auth_user_user_permissions`
  ADD PRIMARY KEY (`id`),
  ADD UNIQUE KEY `auth_user_user_permissions_user_id_permission_id_14a6b632_uniq` (`user_id`,`permission_id`),
  ADD KEY `auth_user_user_permi_permission_id_1fbb5f2c_fk_auth_perm` (`permission_id`);

--
-- Indexes for table `django_admin_log`
--
ALTER TABLE `django_admin_log`
  ADD PRIMARY KEY (`id`),
  ADD KEY `django_admin_log_content_type_id_c4bce8eb_fk_django_co` (`content_type_id`),
  ADD KEY `django_admin_log_user_id_c564eba6_fk_auth_user_id` (`user_id`);

--
-- Indexes for table `django_content_type`
--
ALTER TABLE `django_content_type`
  ADD PRIMARY KEY (`id`),
  ADD UNIQUE KEY `django_content_type_app_label_model_76bd3d3b_uniq` (`app_label`,`model`);

--
-- Indexes for table `django_migrations`
--
ALTER TABLE `django_migrations`
  ADD PRIMARY KEY (`id`);

--
-- Indexes for table `django_session`
--
ALTER TABLE `django_session`
  ADD PRIMARY KEY (`session_key`),
  ADD KEY `django_session_expire_date_a5c62663` (`expire_date`);

--
-- AUTO_INCREMENT for dumped tables
--

--
-- AUTO_INCREMENT for table `administrator_datananas`
--
ALTER TABLE `administrator_datananas`
  MODIFY `id` bigint NOT NULL AUTO_INCREMENT, AUTO_INCREMENT=4;

--
-- AUTO_INCREMENT for table `administrator_user`
--
ALTER TABLE `administrator_user`
  MODIFY `id` bigint NOT NULL AUTO_INCREMENT;

--
-- AUTO_INCREMENT for table `auth_group`
--
ALTER TABLE `auth_group`
  MODIFY `id` int NOT NULL AUTO_INCREMENT;

--
-- AUTO_INCREMENT for table `auth_group_permissions`
--
ALTER TABLE `auth_group_permissions`
  MODIFY `id` bigint NOT NULL AUTO_INCREMENT;

--
-- AUTO_INCREMENT for table `auth_permission`
--
ALTER TABLE `auth_permission`
  MODIFY `id` int NOT NULL AUTO_INCREMENT, AUTO_INCREMENT=33;

--
-- AUTO_INCREMENT for table `auth_user`
--
ALTER TABLE `auth_user`
  MODIFY `id` int NOT NULL AUTO_INCREMENT, AUTO_INCREMENT=2;

--
-- AUTO_INCREMENT for table `auth_user_groups`
--
ALTER TABLE `auth_user_groups`
  MODIFY `id` bigint NOT NULL AUTO_INCREMENT;

--
-- AUTO_INCREMENT for table `auth_user_user_permissions`
--
ALTER TABLE `auth_user_user_permissions`
  MODIFY `id` bigint NOT NULL AUTO_INCREMENT;

--
-- AUTO_INCREMENT for table `django_admin_log`
--
ALTER TABLE `django_admin_log`
  MODIFY `id` int NOT NULL AUTO_INCREMENT;

--
-- AUTO_INCREMENT for table `django_content_type`
--
ALTER TABLE `django_content_type`
  MODIFY `id` int NOT NULL AUTO_INCREMENT, AUTO_INCREMENT=9;

--
-- AUTO_INCREMENT for table `django_migrations`
--
ALTER TABLE `django_migrations`
  MODIFY `id` bigint NOT NULL AUTO_INCREMENT, AUTO_INCREMENT=21;

--
-- Constraints for dumped tables
--

--
-- Constraints for table `auth_group_permissions`
--
ALTER TABLE `auth_group_permissions`
  ADD CONSTRAINT `auth_group_permissio_permission_id_84c5c92e_fk_auth_perm` FOREIGN KEY (`permission_id`) REFERENCES `auth_permission` (`id`),
  ADD CONSTRAINT `auth_group_permissions_group_id_b120cbf9_fk_auth_group_id` FOREIGN KEY (`group_id`) REFERENCES `auth_group` (`id`);

--
-- Constraints for table `auth_permission`
--
ALTER TABLE `auth_permission`
  ADD CONSTRAINT `auth_permission_content_type_id_2f476e4b_fk_django_co` FOREIGN KEY (`content_type_id`) REFERENCES `django_content_type` (`id`);

--
-- Constraints for table `auth_user_groups`
--
ALTER TABLE `auth_user_groups`
  ADD CONSTRAINT `auth_user_groups_group_id_97559544_fk_auth_group_id` FOREIGN KEY (`group_id`) REFERENCES `auth_group` (`id`),
  ADD CONSTRAINT `auth_user_groups_user_id_6a12ed8b_fk_auth_user_id` FOREIGN KEY (`user_id`) REFERENCES `auth_user` (`id`);

--
-- Constraints for table `auth_user_user_permissions`
--
ALTER TABLE `auth_user_user_permissions`
  ADD CONSTRAINT `auth_user_user_permi_permission_id_1fbb5f2c_fk_auth_perm` FOREIGN KEY (`permission_id`) REFERENCES `auth_permission` (`id`),
  ADD CONSTRAINT `auth_user_user_permissions_user_id_a95ead1b_fk_auth_user_id` FOREIGN KEY (`user_id`) REFERENCES `auth_user` (`id`);

--
-- Constraints for table `django_admin_log`
--
ALTER TABLE `django_admin_log`
  ADD CONSTRAINT `django_admin_log_content_type_id_c4bce8eb_fk_django_co` FOREIGN KEY (`content_type_id`) REFERENCES `django_content_type` (`id`),
  ADD CONSTRAINT `django_admin_log_user_id_c564eba6_fk_auth_user_id` FOREIGN KEY (`user_id`) REFERENCES `auth_user` (`id`);
COMMIT;

/*!40101 SET CHARACTER_SET_CLIENT=@OLD_CHARACTER_SET_CLIENT */;
/*!40101 SET CHARACTER_SET_RESULTS=@OLD_CHARACTER_SET_RESULTS */;
/*!40101 SET COLLATION_CONNECTION=@OLD_COLLATION_CONNECTION */;
